{"val_loss": 0.07024120114594698, "loss": 0.1396213706970215, "val_acc": 0.9776, "acc": 0.9581000000317892}